species,culmen_length_mm,culmen_depth_mm,flipper_length_mm,body_mass_g
0,0.2545454545454545,0.6666666666666666,0.15254237288135594,0.2916666666666667
0,0.26909090909090905,0.5119047619047618,0.23728813559322035,0.3055555555555556
1,0.5236363636363636,0.5714285714285713,0.3389830508474576,0.2222222222222222
1,0.6509090909090909,0.7619047619047619,0.4067796610169492,0.3333333333333333
2,0.509090909090909,0.011904761904761862,0.6610169491525424,0.5
2,0.6509090909090909,0.38095238095238104,0.9830508474576272,0.8333333333333334
